Handle,Title,Body (HTML),Vendor,Product Category,Type,Tags,Published,Option1 Name,Option1 Value,Option2 Name,Option2 Value,Option3 Name,Option3 Value,Variant SKU,Variant Grams,Variant Inventory Tracker,Variant Inventory Qty,Variant Inventory Policy,Variant Fulfillment Service,Variant Price,Variant Compare At Price,Variant Requires Shipping,Variant Taxable,Variant Barcode,Image Src,Image Position,Image Alt Text,Gift Card,SEO Title,SEO Description,Google Shopping / Google Product Category,Google Shopping / Gender,Google Shopping / Age Group,Google Shopping / MPN,Google Shopping / AdWords Grouping,Google Shopping / AdWords Labels,Google Shopping / Condition,Google Shopping / Custom Product,Google Shopping / Custom Label 0,Google Shopping / Custom Label 1,Google Shopping / Custom Label 2,Google Shopping / Custom Label 3,Google Shopping / Custom Label 4,Variant Image,Variant Weight Unit,Variant Tax Code,Cost per item,Price / International,Compare At Price / International,Status
berry-topped-vanilla-cake,Berry Topped Vanilla Cake,,Cake Dawn,,Cakes,"extra high, buttercream, fresh fruit",TRUE,Size,"6"" Extra High (10 Portions)",,,,,berry-topped-vanilla-cake-6,0,,,continue,manual,65,,TRUE,FALSE,,https://raw.githubusercontent.com/stephensavoia/cake_dawn/main/sample-photos-from-pexels/berry-topped-vanilla-cake.jpg,1,Berry Topped Vanilla Cake,FALSE,,,,,,,,,,,,,,,,,g,,,,,active
berry-topped-vanilla-cake,,,,,,,,,"8"" Extra High (20 Portions)",,,,,berry-topped-vanilla-cake-8,0,,,continue,manual,85,,TRUE,FALSE,,,,,,,,,,,,,,,,,,,,,,g,,,,,
berry-topped-vanilla-cake,,,,,,,,,"10"" Extra High (30 Portions)",,,,,berry-topped-vanilla-cake-10,0,,,continue,manual,105,,TRUE,FALSE,,,,,,,,,,,,,,,,,,,,,,g,,,,,
berry-topped-vanilla-cake,,,,,,,,,"12"" Extra High (40 Portions)",,,,,berry-topped-vanilla-cake-12,0,,,continue,manual,125,,TRUE,FALSE,,,,,,,,,,,,,,,,,,,,,,g,,,,,
birthday-cupcakes,Birthday Cupcakes,,Cake Dawn,,Cupcakes,cupcakes,TRUE,Title,Default,,,,,birthday-cupcakes,0,,,continue,manual,3.5,,TRUE,FALSE,,https://raw.githubusercontent.com/stephensavoia/cake_dawn/main/sample-photos-from-pexels/birthday-cupcakes.jpg,1,Birthday Cupcakes,FALSE,,,,,,,,,,,,,,,,,g,,,,,active
cherry-topped-pastel-cake,Cherry Topped Pastel Cake,,Cake Dawn,,Cakes,"regular height, whipped cream",TRUE,Size,"6"" (8 Portions)",Flavour,Vanilla,,,cherry-topped-pastel-cake-6-vanilla,0,,,continue,manual,55,,TRUE,FALSE,,https://raw.githubusercontent.com/stephensavoia/cake_dawn/main/sample-photos-from-pexels/cherry-topped-pastel-cake.jpg,1,Cherry Topped Pastel Cake,FALSE,,,,,,,,,,,,,,,,,g,,,,,active
cherry-topped-pastel-cake,,,,,,,,,"6"" (8 Portions)",,Chocolate,,,cherry-topped-pastel-cake-6-chocolate,0,,,continue,manual,55,,TRUE,FALSE,,,,,,,,,,,,,,,,,,,,,,g,,,,,
cherry-topped-pastel-cake,,,,,,,,,"6"" (8 Portions)",,Strawberry Delight,,,cherry-topped-pastel-cake-6-strawberry delight,0,,,continue,manual,60,,TRUE,FALSE,,,,,,,,,,,,,,,,,,,,,,g,,,,,
cherry-topped-pastel-cake,,,,,,,,,"6"" (8 Portions)",,Red Velvet,,,cherry-topped-pastel-cake-6-red velvet,0,,,continue,manual,70,,TRUE,FALSE,,,,,,,,,,,,,,,,,,,,,,g,,,,,
cherry-topped-pastel-cake,,,,,,,,,"6"" (8 Portions)",,Hazelnut,,,cherry-topped-pastel-cake-6-hazelnut,0,,,continue,manual,80,,TRUE,FALSE,,,,,,,,,,,,,,,,,,,,,,g,,,,,
cherry-topped-pastel-cake,,,,,,,,,"8"" (12 Portions)",,Vanilla,,,cherry-topped-pastel-cake-8-vanilla,0,,,continue,manual,75,,TRUE,FALSE,,,,,,,,,,,,,,,,,,,,,,g,,,,,
cherry-topped-pastel-cake,,,,,,,,,"8"" (12 Portions)",,Chocolate,,,cherry-topped-pastel-cake-8-chocolate,0,,,continue,manual,75,,TRUE,FALSE,,,,,,,,,,,,,,,,,,,,,,g,,,,,
cherry-topped-pastel-cake,,,,,,,,,"8"" (12 Portions)",,Strawberry Delight,,,cherry-topped-pastel-cake-8-strawberry delight,0,,,continue,manual,80,,TRUE,FALSE,,,,,,,,,,,,,,,,,,,,,,g,,,,,
cherry-topped-pastel-cake,,,,,,,,,"8"" (12 Portions)",,Red Velvet,,,cherry-topped-pastel-cake-8-red velvet,0,,,continue,manual,90,,TRUE,FALSE,,,,,,,,,,,,,,,,,,,,,,g,,,,,
cherry-topped-pastel-cake,,,,,,,,,"8"" (12 Portions)",,Hazelnut,,,cherry-topped-pastel-cake-8-hazelnut,0,,,continue,manual,105,,TRUE,FALSE,,,,,,,,,,,,,,,,,,,,,,g,,,,,
cherry-topped-pastel-cake,,,,,,,,,"10"" (18 Portions)",,Vanilla,,,cherry-topped-pastel-cake-10-vanilla,0,,,continue,manual,95,,TRUE,FALSE,,,,,,,,,,,,,,,,,,,,,,g,,,,,
cherry-topped-pastel-cake,,,,,,,,,"10"" (18 Portions)",,Chocolate,,,cherry-topped-pastel-cake-10-chocolate,0,,,continue,manual,95,,TRUE,FALSE,,,,,,,,,,,,,,,,,,,,,,g,,,,,
cherry-topped-pastel-cake,,,,,,,,,"10"" (18 Portions)",,Strawberry Delight,,,cherry-topped-pastel-cake-10-strawberry delight,0,,,continue,manual,105,,TRUE,FALSE,,,,,,,,,,,,,,,,,,,,,,g,,,,,
cherry-topped-pastel-cake,,,,,,,,,"10"" (18 Portions)",,Red Velvet,,,cherry-topped-pastel-cake-10-red velvet,0,,,continue,manual,120,,TRUE,FALSE,,,,,,,,,,,,,,,,,,,,,,g,,,,,
cherry-topped-pastel-cake,,,,,,,,,"10"" (18 Portions)",,Hazelnut,,,cherry-topped-pastel-cake-10-hazelnut,0,,,continue,manual,140,,TRUE,FALSE,,,,,,,,,,,,,,,,,,,,,,g,,,,,
cherry-topped-pastel-cake,,,,,,,,,"12"" (24 Portions)",,Vanilla,,,cherry-topped-pastel-cake-12-vanilla,0,,,continue,manual,115,,TRUE,FALSE,,,,,,,,,,,,,,,,,,,,,,g,,,,,
cherry-topped-pastel-cake,,,,,,,,,"12"" (24 Portions)",,Chocolate,,,cherry-topped-pastel-cake-12-chocolate,0,,,continue,manual,115,,TRUE,FALSE,,,,,,,,,,,,,,,,,,,,,,g,,,,,
cherry-topped-pastel-cake,,,,,,,,,"12"" (24 Portions)",,Strawberry Delight,,,cherry-topped-pastel-cake-12-strawberry delight,0,,,continue,manual,135,,TRUE,FALSE,,,,,,,,,,,,,,,,,,,,,,g,,,,,
cherry-topped-pastel-cake,,,,,,,,,"12"" (24 Portions)",,Red Velvet,,,cherry-topped-pastel-cake-12-red velvet,0,,,continue,manual,150,,TRUE,FALSE,,,,,,,,,,,,,,,,,,,,,,g,,,,,
cherry-topped-pastel-cake,,,,,,,,,"12"" (24 Portions)",,Hazelnut,,,cherry-topped-pastel-cake-12-hazelnut,0,,,continue,manual,175,,TRUE,FALSE,,,,,,,,,,,,,,,,,,,,,,g,,,,,
chocolate-mousse-cake,Chocolate Mousse Cake,,Cake Dawn,,Cakes,extra high,TRUE,Size,"6"" Extra High (10 Portions)",,,,,chocolate-mousse-cake-6,0,,,continue,manual,65,,TRUE,FALSE,,https://raw.githubusercontent.com/stephensavoia/cake_dawn/main/sample-photos-from-pexels/chocolate-mousse-cake.jpg,1,Chocolate Mousse Cake,FALSE,,,,,,,,,,,,,,,,,g,,,,,active
chocolate-mousse-cake,,,,,,,,,"8"" Extra High (20 Portions)",,,,,chocolate-mousse-cake-8,0,,,continue,manual,85,,TRUE,FALSE,,,,,,,,,,,,,,,,,,,,,,g,,,,,
chocolate-mousse-cake,,,,,,,,,"10"" Extra High (30 Portions)",,,,,chocolate-mousse-cake-10,0,,,continue,manual,105,,TRUE,FALSE,,,,,,,,,,,,,,,,,,,,,,g,,,,,
chocolate-mousse-cake,,,,,,,,,"12"" Extra High (40 Portions)",,,,,chocolate-mousse-cake-12,0,,,continue,manual,125,,TRUE,FALSE,,,,,,,,,,,,,,,,,,,,,,g,,,,,
chocolate-topped-berry-cake,Chocolate Topped Berry Cake,,Cake Dawn,,Cakes,"regular height, naked, fresh fruit",TRUE,Size,"6"" (8 Portions)",Flavour,Vanilla,,,chocolate-topped-berry-cake-6-vanilla,0,,,continue,manual,55,,TRUE,FALSE,,https://raw.githubusercontent.com/stephensavoia/cake_dawn/main/sample-photos-from-pexels/chocolate-topped-berry-cake.jpg,1,Chocolate Topped Berry Cake,FALSE,,,,,,,,,,,,,,,,,g,,,,,active
chocolate-topped-berry-cake,,,,,,,,,"6"" (8 Portions)",,Chocolate,,,chocolate-topped-berry-cake-6-chocolate,0,,,continue,manual,55,,TRUE,FALSE,,,,,,,,,,,,,,,,,,,,,,g,,,,,
chocolate-topped-berry-cake,,,,,,,,,"6"" (8 Portions)",,Strawberry Delight,,,chocolate-topped-berry-cake-6-strawberry delight,0,,,continue,manual,60,,TRUE,FALSE,,,,,,,,,,,,,,,,,,,,,,g,,,,,
chocolate-topped-berry-cake,,,,,,,,,"6"" (8 Portions)",,Red Velvet,,,chocolate-topped-berry-cake-6-red velvet,0,,,continue,manual,70,,TRUE,FALSE,,,,,,,,,,,,,,,,,,,,,,g,,,,,
chocolate-topped-berry-cake,,,,,,,,,"6"" (8 Portions)",,Hazelnut,,,chocolate-topped-berry-cake-6-hazelnut,0,,,continue,manual,80,,TRUE,FALSE,,,,,,,,,,,,,,,,,,,,,,g,,,,,
chocolate-topped-berry-cake,,,,,,,,,"8"" (12 Portions)",,Vanilla,,,chocolate-topped-berry-cake-8-vanilla,0,,,continue,manual,75,,TRUE,FALSE,,,,,,,,,,,,,,,,,,,,,,g,,,,,
chocolate-topped-berry-cake,,,,,,,,,"8"" (12 Portions)",,Chocolate,,,chocolate-topped-berry-cake-8-chocolate,0,,,continue,manual,75,,TRUE,FALSE,,,,,,,,,,,,,,,,,,,,,,g,,,,,
chocolate-topped-berry-cake,,,,,,,,,"8"" (12 Portions)",,Strawberry Delight,,,chocolate-topped-berry-cake-8-strawberry delight,0,,,continue,manual,80,,TRUE,FALSE,,,,,,,,,,,,,,,,,,,,,,g,,,,,
chocolate-topped-berry-cake,,,,,,,,,"8"" (12 Portions)",,Red Velvet,,,chocolate-topped-berry-cake-8-red velvet,0,,,continue,manual,90,,TRUE,FALSE,,,,,,,,,,,,,,,,,,,,,,g,,,,,
chocolate-topped-berry-cake,,,,,,,,,"8"" (12 Portions)",,Hazelnut,,,chocolate-topped-berry-cake-8-hazelnut,0,,,continue,manual,105,,TRUE,FALSE,,,,,,,,,,,,,,,,,,,,,,g,,,,,
chocolate-topped-berry-cake,,,,,,,,,"10"" (18 Portions)",,Vanilla,,,chocolate-topped-berry-cake-10-vanilla,0,,,continue,manual,95,,TRUE,FALSE,,,,,,,,,,,,,,,,,,,,,,g,,,,,
chocolate-topped-berry-cake,,,,,,,,,"10"" (18 Portions)",,Chocolate,,,chocolate-topped-berry-cake-10-chocolate,0,,,continue,manual,95,,TRUE,FALSE,,,,,,,,,,,,,,,,,,,,,,g,,,,,
chocolate-topped-berry-cake,,,,,,,,,"10"" (18 Portions)",,Strawberry Delight,,,chocolate-topped-berry-cake-10-strawberry delight,0,,,continue,manual,105,,TRUE,FALSE,,,,,,,,,,,,,,,,,,,,,,g,,,,,
chocolate-topped-berry-cake,,,,,,,,,"10"" (18 Portions)",,Red Velvet,,,chocolate-topped-berry-cake-10-red velvet,0,,,continue,manual,120,,TRUE,FALSE,,,,,,,,,,,,,,,,,,,,,,g,,,,,
chocolate-topped-berry-cake,,,,,,,,,"10"" (18 Portions)",,Hazelnut,,,chocolate-topped-berry-cake-10-hazelnut,0,,,continue,manual,140,,TRUE,FALSE,,,,,,,,,,,,,,,,,,,,,,g,,,,,
chocolate-topped-berry-cake,,,,,,,,,"12"" (24 Portions)",,Vanilla,,,chocolate-topped-berry-cake-12-vanilla,0,,,continue,manual,115,,TRUE,FALSE,,,,,,,,,,,,,,,,,,,,,,g,,,,,
chocolate-topped-berry-cake,,,,,,,,,"12"" (24 Portions)",,Chocolate,,,chocolate-topped-berry-cake-12-chocolate,0,,,continue,manual,115,,TRUE,FALSE,,,,,,,,,,,,,,,,,,,,,,g,,,,,
chocolate-topped-berry-cake,,,,,,,,,"12"" (24 Portions)",,Strawberry Delight,,,chocolate-topped-berry-cake-12-strawberry delight,0,,,continue,manual,135,,TRUE,FALSE,,,,,,,,,,,,,,,,,,,,,,g,,,,,
chocolate-topped-berry-cake,,,,,,,,,"12"" (24 Portions)",,Red Velvet,,,chocolate-topped-berry-cake-12-red velvet,0,,,continue,manual,150,,TRUE,FALSE,,,,,,,,,,,,,,,,,,,,,,g,,,,,
chocolate-topped-berry-cake,,,,,,,,,"12"" (24 Portions)",,Hazelnut,,,chocolate-topped-berry-cake-12-hazelnut,0,,,continue,manual,175,,TRUE,FALSE,,,,,,,,,,,,,,,,,,,,,,g,,,,,
floral-lemon-cupcakes,Floral Lemon Cupcakes,,Cake Dawn,,Cupcakes,cupcakes,TRUE,Title,Default,,,,,floral-lemon-cupcakes,0,,,continue,manual,3.5,,TRUE,FALSE,,https://raw.githubusercontent.com/stephensavoia/cake_dawn/main/sample-photos-from-pexels/floral-lemon-cupcakes.jpg,1,Floral Lemon Cupcakes,FALSE,,,,,,,,,,,,,,,,,g,,,,,active
floral-cake-with-vanilla-ganache,Floral Vanilla Cake With Vanilla Ganache,,Cake Dawn,,Cakes,"double high, buttercream, floral, drip",TRUE,Size,"6"" Double High (16 Portions)",Flavour,Vanilla,,,floral-cake-with-vanilla-ganache-6-vanilla,0,,,continue,manual,75,,TRUE,FALSE,,https://raw.githubusercontent.com/stephensavoia/cake_dawn/main/sample-photos-from-pexels/floral-cake-with-vanilla-ganache.jpg,1,Floral Cake With Vanilla Ganache,FALSE,,,,,,,,,,,,,,,,,g,,,,,active
floral-cake-with-vanilla-ganache,,,,,,,,,"6"" Double High (16 Portions)",,Chocolate,,,floral-cake-with-vanilla-ganache-6-chocolate,0,,,continue,manual,75,,TRUE,FALSE,,,,,,,,,,,,,,,,,,,,,,g,,,,,
floral-cake-with-vanilla-ganache,,,,,,,,,"6"" Double High (16 Portions)",,Strawberry Delight,,,floral-cake-with-vanilla-ganache-6-strawberry delight,0,,,continue,manual,80,,TRUE,FALSE,,,,,,,,,,,,,,,,,,,,,,g,,,,,
floral-cake-with-vanilla-ganache,,,,,,,,,"6"" Double High (16 Portions)",,Red Velvet,,,floral-cake-with-vanilla-ganache-6-red velvet,0,,,continue,manual,90,,TRUE,FALSE,,,,,,,,,,,,,,,,,,,,,,g,,,,,
floral-cake-with-vanilla-ganache,,,,,,,,,"6"" Double High (16 Portions)",,Hazelnut,,,floral-cake-with-vanilla-ganache-6-hazelnut,0,,,continue,manual,100,,TRUE,FALSE,,,,,,,,,,,,,,,,,,,,,,g,,,,,
floral-cake-with-vanilla-ganache,,,,,,,,,"8"" Double High (24 Portions)",,Vanilla,,,floral-cake-with-vanilla-ganache-8-vanilla,0,,,continue,manual,95,,TRUE,FALSE,,,,,,,,,,,,,,,,,,,,,,g,,,,,
floral-cake-with-vanilla-ganache,,,,,,,,,"8"" Double High (24 Portions)",,Chocolate,,,floral-cake-with-vanilla-ganache-8-chocolate,0,,,continue,manual,95,,TRUE,FALSE,,,,,,,,,,,,,,,,,,,,,,g,,,,,
floral-cake-with-vanilla-ganache,,,,,,,,,"8"" Double High (24 Portions)",,Strawberry Delight,,,floral-cake-with-vanilla-ganache-8-strawberry delight,0,,,continue,manual,100,,TRUE,FALSE,,,,,,,,,,,,,,,,,,,,,,g,,,,,
floral-cake-with-vanilla-ganache,,,,,,,,,"8"" Double High (24 Portions)",,Red Velvet,,,floral-cake-with-vanilla-ganache-8-red velvet,0,,,continue,manual,110,,TRUE,FALSE,,,,,,,,,,,,,,,,,,,,,,g,,,,,
floral-cake-with-vanilla-ganache,,,,,,,,,"8"" Double High (24 Portions)",,Hazelnut,,,floral-cake-with-vanilla-ganache-8-hazelnut,0,,,continue,manual,125,,TRUE,FALSE,,,,,,,,,,,,,,,,,,,,,,g,,,,,
floral-cake-with-vanilla-ganache,,,,,,,,,"10"" Double High (36 Portions)",,Vanilla,,,floral-cake-with-vanilla-ganache-10-vanilla,0,,,continue,manual,115,,TRUE,FALSE,,,,,,,,,,,,,,,,,,,,,,g,,,,,
floral-cake-with-vanilla-ganache,,,,,,,,,"10"" Double High (36 Portions)",,Chocolate,,,floral-cake-with-vanilla-ganache-10-chocolate,0,,,continue,manual,115,,TRUE,FALSE,,,,,,,,,,,,,,,,,,,,,,g,,,,,
floral-cake-with-vanilla-ganache,,,,,,,,,"10"" Double High (36 Portions)",,Strawberry Delight,,,floral-cake-with-vanilla-ganache-10-strawberry delight,0,,,continue,manual,125,,TRUE,FALSE,,,,,,,,,,,,,,,,,,,,,,g,,,,,
floral-cake-with-vanilla-ganache,,,,,,,,,"10"" Double High (36 Portions)",,Red Velvet,,,floral-cake-with-vanilla-ganache-10-red velvet,0,,,continue,manual,140,,TRUE,FALSE,,,,,,,,,,,,,,,,,,,,,,g,,,,,
floral-cake-with-vanilla-ganache,,,,,,,,,"10"" Double High (36 Portions)",,Hazelnut,,,floral-cake-with-vanilla-ganache-10-hazelnut,0,,,continue,manual,160,,TRUE,FALSE,,,,,,,,,,,,,,,,,,,,,,g,,,,,
floral-cake-with-vanilla-ganache,,,,,,,,,"12"" Double High (48 Portions)",,Vanilla,,,floral-cake-with-vanilla-ganache-12-vanilla,0,,,continue,manual,135,,TRUE,FALSE,,,,,,,,,,,,,,,,,,,,,,g,,,,,
floral-cake-with-vanilla-ganache,,,,,,,,,"12"" Double High (48 Portions)",,Chocolate,,,floral-cake-with-vanilla-ganache-12-chocolate,0,,,continue,manual,135,,TRUE,FALSE,,,,,,,,,,,,,,,,,,,,,,g,,,,,
floral-cake-with-vanilla-ganache,,,,,,,,,"12"" Double High (48 Portions)",,Strawberry Delight,,,floral-cake-with-vanilla-ganache-12-strawberry delight,0,,,continue,manual,155,,TRUE,FALSE,,,,,,,,,,,,,,,,,,,,,,g,,,,,
floral-cake-with-vanilla-ganache,,,,,,,,,"12"" Double High (48 Portions)",,Red Velvet,,,floral-cake-with-vanilla-ganache-12-red velvet,0,,,continue,manual,170,,TRUE,FALSE,,,,,,,,,,,,,,,,,,,,,,g,,,,,
floral-cake-with-vanilla-ganache,,,,,,,,,"12"" Double High (48 Portions)",,Hazelnut,,,floral-cake-with-vanilla-ganache-12-hazelnut,0,,,continue,manual,195,,TRUE,FALSE,,,,,,,,,,,,,,,,,,,,,,g,,,,,
fruit-topped-cake,Fruit Topped Cake,,Cake Dawn,,Cakes,"regular height, fresh fruit",TRUE,Size,"6"" (8 Portions)",Flavour,Vanilla,,,fruit-topped-cake-6-vanilla,0,,,continue,manual,55,,TRUE,FALSE,,https://raw.githubusercontent.com/stephensavoia/cake_dawn/main/sample-photos-from-pexels/fruit-topped-cake.jpg,1,Fruit Topped Cake,FALSE,,,,,,,,,,,,,,,,,g,,,,,active
fruit-topped-cake,,,,,,,,,"6"" (8 Portions)",,Chocolate,,,fruit-topped-cake-6-chocolate,0,,,continue,manual,55,,TRUE,FALSE,,,,,,,,,,,,,,,,,,,,,,g,,,,,
fruit-topped-cake,,,,,,,,,"6"" (8 Portions)",,Strawberry Delight,,,fruit-topped-cake-6-strawberry delight,0,,,continue,manual,60,,TRUE,FALSE,,,,,,,,,,,,,,,,,,,,,,g,,,,,
fruit-topped-cake,,,,,,,,,"6"" (8 Portions)",,Red Velvet,,,fruit-topped-cake-6-red velvet,0,,,continue,manual,70,,TRUE,FALSE,,,,,,,,,,,,,,,,,,,,,,g,,,,,
fruit-topped-cake,,,,,,,,,"6"" (8 Portions)",,Hazelnut,,,fruit-topped-cake-6-hazelnut,0,,,continue,manual,80,,TRUE,FALSE,,,,,,,,,,,,,,,,,,,,,,g,,,,,
fruit-topped-cake,,,,,,,,,"8"" (12 Portions)",,Vanilla,,,fruit-topped-cake-8-vanilla,0,,,continue,manual,75,,TRUE,FALSE,,,,,,,,,,,,,,,,,,,,,,g,,,,,
fruit-topped-cake,,,,,,,,,"8"" (12 Portions)",,Chocolate,,,fruit-topped-cake-8-chocolate,0,,,continue,manual,75,,TRUE,FALSE,,,,,,,,,,,,,,,,,,,,,,g,,,,,
fruit-topped-cake,,,,,,,,,"8"" (12 Portions)",,Strawberry Delight,,,fruit-topped-cake-8-strawberry delight,0,,,continue,manual,80,,TRUE,FALSE,,,,,,,,,,,,,,,,,,,,,,g,,,,,
fruit-topped-cake,,,,,,,,,"8"" (12 Portions)",,Red Velvet,,,fruit-topped-cake-8-red velvet,0,,,continue,manual,90,,TRUE,FALSE,,,,,,,,,,,,,,,,,,,,,,g,,,,,
fruit-topped-cake,,,,,,,,,"8"" (12 Portions)",,Hazelnut,,,fruit-topped-cake-8-hazelnut,0,,,continue,manual,105,,TRUE,FALSE,,,,,,,,,,,,,,,,,,,,,,g,,,,,
fruit-topped-cake,,,,,,,,,"10"" (18 Portions)",,Vanilla,,,fruit-topped-cake-10-vanilla,0,,,continue,manual,95,,TRUE,FALSE,,,,,,,,,,,,,,,,,,,,,,g,,,,,
fruit-topped-cake,,,,,,,,,"10"" (18 Portions)",,Chocolate,,,fruit-topped-cake-10-chocolate,0,,,continue,manual,95,,TRUE,FALSE,,,,,,,,,,,,,,,,,,,,,,g,,,,,
fruit-topped-cake,,,,,,,,,"10"" (18 Portions)",,Strawberry Delight,,,fruit-topped-cake-10-strawberry delight,0,,,continue,manual,105,,TRUE,FALSE,,,,,,,,,,,,,,,,,,,,,,g,,,,,
fruit-topped-cake,,,,,,,,,"10"" (18 Portions)",,Red Velvet,,,fruit-topped-cake-10-red velvet,0,,,continue,manual,120,,TRUE,FALSE,,,,,,,,,,,,,,,,,,,,,,g,,,,,
fruit-topped-cake,,,,,,,,,"10"" (18 Portions)",,Hazelnut,,,fruit-topped-cake-10-hazelnut,0,,,continue,manual,140,,TRUE,FALSE,,,,,,,,,,,,,,,,,,,,,,g,,,,,
fruit-topped-cake,,,,,,,,,"12"" (24 Portions)",,Vanilla,,,fruit-topped-cake-12-vanilla,0,,,continue,manual,115,,TRUE,FALSE,,,,,,,,,,,,,,,,,,,,,,g,,,,,
fruit-topped-cake,,,,,,,,,"12"" (24 Portions)",,Chocolate,,,fruit-topped-cake-12-chocolate,0,,,continue,manual,115,,TRUE,FALSE,,,,,,,,,,,,,,,,,,,,,,g,,,,,
fruit-topped-cake,,,,,,,,,"12"" (24 Portions)",,Strawberry Delight,,,fruit-topped-cake-12-strawberry delight,0,,,continue,manual,135,,TRUE,FALSE,,,,,,,,,,,,,,,,,,,,,,g,,,,,
fruit-topped-cake,,,,,,,,,"12"" (24 Portions)",,Red Velvet,,,fruit-topped-cake-12-red velvet,0,,,continue,manual,150,,TRUE,FALSE,,,,,,,,,,,,,,,,,,,,,,g,,,,,
fruit-topped-cake,,,,,,,,,"12"" (24 Portions)",,Hazelnut,,,fruit-topped-cake-12-hazelnut,0,,,continue,manual,175,,TRUE,FALSE,,,,,,,,,,,,,,,,,,,,,,g,,,,,
golden-floral-wedding-cake,Golden Floral Wedding Cake,,Cake Dawn,,Cakes,"double high, floral",TRUE,Size,"6"" Double High (16 Portions)",Flavour,Vanilla,,,golden-floral-wedding-cake-6-vanilla,0,,,continue,manual,75,,TRUE,FALSE,,https://raw.githubusercontent.com/stephensavoia/cake_dawn/main/sample-photos-from-pexels/golden-floral-wedding-cake.jpg,1,Golden Floral Wedding Cake,FALSE,,,,,,,,,,,,,,,,,g,,,,,active
golden-floral-wedding-cake,,,,,,,,,"6"" Double High (16 Portions)",,Chocolate,,,golden-floral-wedding-cake-6-chocolate,0,,,continue,manual,75,,TRUE,FALSE,,,,,,,,,,,,,,,,,,,,,,g,,,,,
golden-floral-wedding-cake,,,,,,,,,"6"" Double High (16 Portions)",,Strawberry Delight,,,golden-floral-wedding-cake-6-strawberry delight,0,,,continue,manual,80,,TRUE,FALSE,,,,,,,,,,,,,,,,,,,,,,g,,,,,
golden-floral-wedding-cake,,,,,,,,,"6"" Double High (16 Portions)",,Red Velvet,,,golden-floral-wedding-cake-6-red velvet,0,,,continue,manual,90,,TRUE,FALSE,,,,,,,,,,,,,,,,,,,,,,g,,,,,
golden-floral-wedding-cake,,,,,,,,,"6"" Double High (16 Portions)",,Hazelnut,,,golden-floral-wedding-cake-6-hazelnut,0,,,continue,manual,100,,TRUE,FALSE,,,,,,,,,,,,,,,,,,,,,,g,,,,,
golden-floral-wedding-cake,,,,,,,,,"8"" Double High (24 Portions)",,Vanilla,,,golden-floral-wedding-cake-8-vanilla,0,,,continue,manual,95,,TRUE,FALSE,,,,,,,,,,,,,,,,,,,,,,g,,,,,
golden-floral-wedding-cake,,,,,,,,,"8"" Double High (24 Portions)",,Chocolate,,,golden-floral-wedding-cake-8-chocolate,0,,,continue,manual,95,,TRUE,FALSE,,,,,,,,,,,,,,,,,,,,,,g,,,,,
golden-floral-wedding-cake,,,,,,,,,"8"" Double High (24 Portions)",,Strawberry Delight,,,golden-floral-wedding-cake-8-strawberry delight,0,,,continue,manual,100,,TRUE,FALSE,,,,,,,,,,,,,,,,,,,,,,g,,,,,
golden-floral-wedding-cake,,,,,,,,,"8"" Double High (24 Portions)",,Red Velvet,,,golden-floral-wedding-cake-8-red velvet,0,,,continue,manual,110,,TRUE,FALSE,,,,,,,,,,,,,,,,,,,,,,g,,,,,
golden-floral-wedding-cake,,,,,,,,,"8"" Double High (24 Portions)",,Hazelnut,,,golden-floral-wedding-cake-8-hazelnut,0,,,continue,manual,125,,TRUE,FALSE,,,,,,,,,,,,,,,,,,,,,,g,,,,,
golden-floral-wedding-cake,,,,,,,,,"10"" Double High (36 Portions)",,Vanilla,,,golden-floral-wedding-cake-10-vanilla,0,,,continue,manual,115,,TRUE,FALSE,,,,,,,,,,,,,,,,,,,,,,g,,,,,
golden-floral-wedding-cake,,,,,,,,,"10"" Double High (36 Portions)",,Chocolate,,,golden-floral-wedding-cake-10-chocolate,0,,,continue,manual,115,,TRUE,FALSE,,,,,,,,,,,,,,,,,,,,,,g,,,,,
golden-floral-wedding-cake,,,,,,,,,"10"" Double High (36 Portions)",,Strawberry Delight,,,golden-floral-wedding-cake-10-strawberry delight,0,,,continue,manual,125,,TRUE,FALSE,,,,,,,,,,,,,,,,,,,,,,g,,,,,
golden-floral-wedding-cake,,,,,,,,,"10"" Double High (36 Portions)",,Red Velvet,,,golden-floral-wedding-cake-10-red velvet,0,,,continue,manual,140,,TRUE,FALSE,,,,,,,,,,,,,,,,,,,,,,g,,,,,
golden-floral-wedding-cake,,,,,,,,,"10"" Double High (36 Portions)",,Hazelnut,,,golden-floral-wedding-cake-10-hazelnut,0,,,continue,manual,160,,TRUE,FALSE,,,,,,,,,,,,,,,,,,,,,,g,,,,,
golden-floral-wedding-cake,,,,,,,,,"12"" Double High (48 Portions)",,Vanilla,,,golden-floral-wedding-cake-12-vanilla,0,,,continue,manual,135,,TRUE,FALSE,,,,,,,,,,,,,,,,,,,,,,g,,,,,
golden-floral-wedding-cake,,,,,,,,,"12"" Double High (48 Portions)",,Chocolate,,,golden-floral-wedding-cake-12-chocolate,0,,,continue,manual,135,,TRUE,FALSE,,,,,,,,,,,,,,,,,,,,,,g,,,,,
golden-floral-wedding-cake,,,,,,,,,"12"" Double High (48 Portions)",,Strawberry Delight,,,golden-floral-wedding-cake-12-strawberry delight,0,,,continue,manual,155,,TRUE,FALSE,,,,,,,,,,,,,,,,,,,,,,g,,,,,
golden-floral-wedding-cake,,,,,,,,,"12"" Double High (48 Portions)",,Red Velvet,,,golden-floral-wedding-cake-12-red velvet,0,,,continue,manual,170,,TRUE,FALSE,,,,,,,,,,,,,,,,,,,,,,g,,,,,
golden-floral-wedding-cake,,,,,,,,,"12"" Double High (48 Portions)",,Hazelnut,,,golden-floral-wedding-cake-12-hazelnut,0,,,continue,manual,195,,TRUE,FALSE,,,,,,,,,,,,,,,,,,,,,,g,,,,,
green-and-orange-macarons,Green And Orange Macarons,,Cake Dawn,,Cookies,macarons,TRUE,Title,Default,,,,,green-and-orange-macarons,0,,,continue,manual,2.5,,TRUE,FALSE,,https://raw.githubusercontent.com/stephensavoia/cake_dawn/main/sample-photos-from-pexels/green-and-orange-macarons.jpg,1,Green And Orange Macarons,FALSE,,,,,,,,,,,,,,,,,g,,,,,active
key-lime-cake,Key Lime Cake,,Cake Dawn,,Cakes,"regular height, buttercream, naked",TRUE,Size,"6"" (8 Portions)",,,,,key-lime-cake-6,0,,,continue,manual,55,,TRUE,FALSE,,https://raw.githubusercontent.com/stephensavoia/cake_dawn/main/sample-photos-from-pexels/key-lime-cake.jpg,1,Key Lime Cake,FALSE,,,,,,,,,,,,,,,,,g,,,,,active
key-lime-cake,,,,,,,,,"8"" (12 Portions)",,,,,key-lime-cake-8,0,,,continue,manual,75,,TRUE,FALSE,,,,,,,,,,,,,,,,,,,,,,g,,,,,
key-lime-cake,,,,,,,,,"10"" (18 Portions)",,,,,key-lime-cake-10,0,,,continue,manual,95,,TRUE,FALSE,,,,,,,,,,,,,,,,,,,,,,g,,,,,
key-lime-cake,,,,,,,,,"12"" (24 Portions)",,,,,key-lime-cake-12,0,,,continue,manual,115,,TRUE,FALSE,,,,,,,,,,,,,,,,,,,,,,g,,,,,
luxurious-black-two-tier-cake,Luxurious Black Two Tier Cake,,Cake Dawn,,Cakes,"two tier, buttercream, floral",TRUE,Size,"8"" + 6"" Extra High (30 Portions)",Flavour,Vanilla,,,luxurious-black-two-tier-cake-8-vanilla,0,,,continue,manual,150,,TRUE,FALSE,,https://raw.githubusercontent.com/stephensavoia/cake_dawn/main/sample-photos-from-pexels/luxurious-black-two-tier-cake.jpg,1,Luxurious Black Two Tier Cake,FALSE,,,,,,,,,,,,,,,,,g,,,,,active
luxurious-black-two-tier-cake,,,,,,,,,"8"" + 6"" Extra High (30 Portions)",,Chocolate,,,luxurious-black-two-tier-cake-8-chocolate,0,,,continue,manual,150,,TRUE,FALSE,,,,,,,,,,,,,,,,,,,,,,g,,,,,
luxurious-black-two-tier-cake,,,,,,,,,"8"" + 6"" Extra High (30 Portions)",,Strawberry Delight,,,luxurious-black-two-tier-cake-8-strawberry delight,0,,,continue,manual,160,,TRUE,FALSE,,,,,,,,,,,,,,,,,,,,,,g,,,,,
luxurious-black-two-tier-cake,,,,,,,,,"8"" + 6"" Extra High (30 Portions)",,Red Velvet,,,luxurious-black-two-tier-cake-8-red velvet,0,,,continue,manual,180,,TRUE,FALSE,,,,,,,,,,,,,,,,,,,,,,g,,,,,
luxurious-black-two-tier-cake,,,,,,,,,"8"" + 6"" Extra High (30 Portions)",,Hazelnut,,,luxurious-black-two-tier-cake-8-hazelnut,0,,,continue,manual,205,,TRUE,FALSE,,,,,,,,,,,,,,,,,,,,,,g,,,,,
luxurious-black-two-tier-cake,,,,,,,,,"10"" + 8"" Extra High (50 Portions)",,Vanilla,,,luxurious-black-two-tier-cake-10-vanilla,0,,,continue,manual,170,,TRUE,FALSE,,,,,,,,,,,,,,,,,,,,,,g,,,,,
luxurious-black-two-tier-cake,,,,,,,,,"10"" + 8"" Extra High (50 Portions)",,Chocolate,,,luxurious-black-two-tier-cake-10-chocolate,0,,,continue,manual,170,,TRUE,FALSE,,,,,,,,,,,,,,,,,,,,,,g,,,,,
luxurious-black-two-tier-cake,,,,,,,,,"10"" + 8"" Extra High (50 Portions)",,Strawberry Delight,,,luxurious-black-two-tier-cake-10-strawberry delight,0,,,continue,manual,185,,TRUE,FALSE,,,,,,,,,,,,,,,,,,,,,,g,,,,,
luxurious-black-two-tier-cake,,,,,,,,,"10"" + 8"" Extra High (50 Portions)",,Red Velvet,,,luxurious-black-two-tier-cake-10-red velvet,0,,,continue,manual,210,,TRUE,FALSE,,,,,,,,,,,,,,,,,,,,,,g,,,,,
luxurious-black-two-tier-cake,,,,,,,,,"10"" + 8"" Extra High (50 Portions)",,Hazelnut,,,luxurious-black-two-tier-cake-10-hazelnut,0,,,continue,manual,245,,TRUE,FALSE,,,,,,,,,,,,,,,,,,,,,,g,,,,,
naked-fruit-topped-cake,Naked Fruit Topped Cake,,Cake Dawn,,Cakes,"regular height, whipped cream, naked, floral",TRUE,Size,"6"" (8 Portions)",Flavour,Vanilla,,,naked-fruit-topped-cake-6-vanilla,0,,,continue,manual,55,,TRUE,FALSE,,https://raw.githubusercontent.com/stephensavoia/cake_dawn/main/sample-photos-from-pexels/naked-fruit-topped-cake.jpg,1,Naked Fruit Topped Cake,FALSE,,,,,,,,,,,,,,,,,g,,,,,active
naked-fruit-topped-cake,,,,,,,,,"6"" (8 Portions)",,Chocolate,,,naked-fruit-topped-cake-6-chocolate,0,,,continue,manual,55,,TRUE,FALSE,,,,,,,,,,,,,,,,,,,,,,g,,,,,
naked-fruit-topped-cake,,,,,,,,,"6"" (8 Portions)",,Strawberry Delight,,,naked-fruit-topped-cake-6-strawberry delight,0,,,continue,manual,60,,TRUE,FALSE,,,,,,,,,,,,,,,,,,,,,,g,,,,,
naked-fruit-topped-cake,,,,,,,,,"6"" (8 Portions)",,Red Velvet,,,naked-fruit-topped-cake-6-red velvet,0,,,continue,manual,70,,TRUE,FALSE,,,,,,,,,,,,,,,,,,,,,,g,,,,,
naked-fruit-topped-cake,,,,,,,,,"6"" (8 Portions)",,Hazelnut,,,naked-fruit-topped-cake-6-hazelnut,0,,,continue,manual,80,,TRUE,FALSE,,,,,,,,,,,,,,,,,,,,,,g,,,,,
naked-fruit-topped-cake,,,,,,,,,"8"" (12 Portions)",,Vanilla,,,naked-fruit-topped-cake-8-vanilla,0,,,continue,manual,75,,TRUE,FALSE,,,,,,,,,,,,,,,,,,,,,,g,,,,,
naked-fruit-topped-cake,,,,,,,,,"8"" (12 Portions)",,Chocolate,,,naked-fruit-topped-cake-8-chocolate,0,,,continue,manual,75,,TRUE,FALSE,,,,,,,,,,,,,,,,,,,,,,g,,,,,
naked-fruit-topped-cake,,,,,,,,,"8"" (12 Portions)",,Strawberry Delight,,,naked-fruit-topped-cake-8-strawberry delight,0,,,continue,manual,80,,TRUE,FALSE,,,,,,,,,,,,,,,,,,,,,,g,,,,,
naked-fruit-topped-cake,,,,,,,,,"8"" (12 Portions)",,Red Velvet,,,naked-fruit-topped-cake-8-red velvet,0,,,continue,manual,90,,TRUE,FALSE,,,,,,,,,,,,,,,,,,,,,,g,,,,,
naked-fruit-topped-cake,,,,,,,,,"8"" (12 Portions)",,Hazelnut,,,naked-fruit-topped-cake-8-hazelnut,0,,,continue,manual,105,,TRUE,FALSE,,,,,,,,,,,,,,,,,,,,,,g,,,,,
naked-fruit-topped-cake,,,,,,,,,"10"" (18 Portions)",,Vanilla,,,naked-fruit-topped-cake-10-vanilla,0,,,continue,manual,95,,TRUE,FALSE,,,,,,,,,,,,,,,,,,,,,,g,,,,,
naked-fruit-topped-cake,,,,,,,,,"10"" (18 Portions)",,Chocolate,,,naked-fruit-topped-cake-10-chocolate,0,,,continue,manual,95,,TRUE,FALSE,,,,,,,,,,,,,,,,,,,,,,g,,,,,
naked-fruit-topped-cake,,,,,,,,,"10"" (18 Portions)",,Strawberry Delight,,,naked-fruit-topped-cake-10-strawberry delight,0,,,continue,manual,105,,TRUE,FALSE,,,,,,,,,,,,,,,,,,,,,,g,,,,,
naked-fruit-topped-cake,,,,,,,,,"10"" (18 Portions)",,Red Velvet,,,naked-fruit-topped-cake-10-red velvet,0,,,continue,manual,120,,TRUE,FALSE,,,,,,,,,,,,,,,,,,,,,,g,,,,,
naked-fruit-topped-cake,,,,,,,,,"10"" (18 Portions)",,Hazelnut,,,naked-fruit-topped-cake-10-hazelnut,0,,,continue,manual,140,,TRUE,FALSE,,,,,,,,,,,,,,,,,,,,,,g,,,,,
naked-fruit-topped-cake,,,,,,,,,"12"" (24 Portions)",,Vanilla,,,naked-fruit-topped-cake-12-vanilla,0,,,continue,manual,115,,TRUE,FALSE,,,,,,,,,,,,,,,,,,,,,,g,,,,,
naked-fruit-topped-cake,,,,,,,,,"12"" (24 Portions)",,Chocolate,,,naked-fruit-topped-cake-12-chocolate,0,,,continue,manual,115,,TRUE,FALSE,,,,,,,,,,,,,,,,,,,,,,g,,,,,
naked-fruit-topped-cake,,,,,,,,,"12"" (24 Portions)",,Strawberry Delight,,,naked-fruit-topped-cake-12-strawberry delight,0,,,continue,manual,135,,TRUE,FALSE,,,,,,,,,,,,,,,,,,,,,,g,,,,,
naked-fruit-topped-cake,,,,,,,,,"12"" (24 Portions)",,Red Velvet,,,naked-fruit-topped-cake-12-red velvet,0,,,continue,manual,150,,TRUE,FALSE,,,,,,,,,,,,,,,,,,,,,,g,,,,,
naked-fruit-topped-cake,,,,,,,,,"12"" (24 Portions)",,Hazelnut,,,naked-fruit-topped-cake-12-hazelnut,0,,,continue,manual,175,,TRUE,FALSE,,,,,,,,,,,,,,,,,,,,,,g,,,,,
red-velvet-cupcakes,Red Velvet Cupcakes,,Cake Dawn,,Cupcakes,cupcakes,TRUE,Title,Default,,,,,red-velvet-cupcakes,0,,,continue,manual,3.5,,TRUE,FALSE,,https://raw.githubusercontent.com/stephensavoia/cake_dawn/main/sample-photos-from-pexels/red-velvet-cupcakes.jpg,1,Red Velvet Cupcakes,FALSE,,,,,,,,,,,,,,,,,g,,,,,active
rustic-autumn-floral-cake,Rustic Autumn Floral Cake,,Cake Dawn,,Cakes,"regular height, buttercream, floral",TRUE,Size,"6"" (8 Portions)",Flavour,Vanilla,,,rustic-autumn-floral-cake-6-vanilla,0,,,continue,manual,55,,TRUE,FALSE,,https://raw.githubusercontent.com/stephensavoia/cake_dawn/main/sample-photos-from-pexels/rustic-autumn-floral-cake.jpg,1,Rustic Autumn Floral Cake,FALSE,,,,,,,,,,,,,,,,,g,,,,,active
rustic-autumn-floral-cake,,,,,,,,,"6"" (8 Portions)",,Chocolate,,,rustic-autumn-floral-cake-6-chocolate,0,,,continue,manual,55,,TRUE,FALSE,,,,,,,,,,,,,,,,,,,,,,g,,,,,
rustic-autumn-floral-cake,,,,,,,,,"6"" (8 Portions)",,Strawberry Delight,,,rustic-autumn-floral-cake-6-strawberry delight,0,,,continue,manual,60,,TRUE,FALSE,,,,,,,,,,,,,,,,,,,,,,g,,,,,
rustic-autumn-floral-cake,,,,,,,,,"6"" (8 Portions)",,Red Velvet,,,rustic-autumn-floral-cake-6-red velvet,0,,,continue,manual,70,,TRUE,FALSE,,,,,,,,,,,,,,,,,,,,,,g,,,,,
rustic-autumn-floral-cake,,,,,,,,,"6"" (8 Portions)",,Hazelnut,,,rustic-autumn-floral-cake-6-hazelnut,0,,,continue,manual,80,,TRUE,FALSE,,,,,,,,,,,,,,,,,,,,,,g,,,,,
rustic-autumn-floral-cake,,,,,,,,,"8"" (12 Portions)",,Vanilla,,,rustic-autumn-floral-cake-8-vanilla,0,,,continue,manual,75,,TRUE,FALSE,,,,,,,,,,,,,,,,,,,,,,g,,,,,
rustic-autumn-floral-cake,,,,,,,,,"8"" (12 Portions)",,Chocolate,,,rustic-autumn-floral-cake-8-chocolate,0,,,continue,manual,75,,TRUE,FALSE,,,,,,,,,,,,,,,,,,,,,,g,,,,,
rustic-autumn-floral-cake,,,,,,,,,"8"" (12 Portions)",,Strawberry Delight,,,rustic-autumn-floral-cake-8-strawberry delight,0,,,continue,manual,80,,TRUE,FALSE,,,,,,,,,,,,,,,,,,,,,,g,,,,,
rustic-autumn-floral-cake,,,,,,,,,"8"" (12 Portions)",,Red Velvet,,,rustic-autumn-floral-cake-8-red velvet,0,,,continue,manual,90,,TRUE,FALSE,,,,,,,,,,,,,,,,,,,,,,g,,,,,
rustic-autumn-floral-cake,,,,,,,,,"8"" (12 Portions)",,Hazelnut,,,rustic-autumn-floral-cake-8-hazelnut,0,,,continue,manual,105,,TRUE,FALSE,,,,,,,,,,,,,,,,,,,,,,g,,,,,
rustic-autumn-floral-cake,,,,,,,,,"10"" (18 Portions)",,Vanilla,,,rustic-autumn-floral-cake-10-vanilla,0,,,continue,manual,95,,TRUE,FALSE,,,,,,,,,,,,,,,,,,,,,,g,,,,,
rustic-autumn-floral-cake,,,,,,,,,"10"" (18 Portions)",,Chocolate,,,rustic-autumn-floral-cake-10-chocolate,0,,,continue,manual,95,,TRUE,FALSE,,,,,,,,,,,,,,,,,,,,,,g,,,,,
rustic-autumn-floral-cake,,,,,,,,,"10"" (18 Portions)",,Strawberry Delight,,,rustic-autumn-floral-cake-10-strawberry delight,0,,,continue,manual,105,,TRUE,FALSE,,,,,,,,,,,,,,,,,,,,,,g,,,,,
rustic-autumn-floral-cake,,,,,,,,,"10"" (18 Portions)",,Red Velvet,,,rustic-autumn-floral-cake-10-red velvet,0,,,continue,manual,120,,TRUE,FALSE,,,,,,,,,,,,,,,,,,,,,,g,,,,,
rustic-autumn-floral-cake,,,,,,,,,"10"" (18 Portions)",,Hazelnut,,,rustic-autumn-floral-cake-10-hazelnut,0,,,continue,manual,140,,TRUE,FALSE,,,,,,,,,,,,,,,,,,,,,,g,,,,,
rustic-autumn-floral-cake,,,,,,,,,"12"" (24 Portions)",,Vanilla,,,rustic-autumn-floral-cake-12-vanilla,0,,,continue,manual,115,,TRUE,FALSE,,,,,,,,,,,,,,,,,,,,,,g,,,,,
rustic-autumn-floral-cake,,,,,,,,,"12"" (24 Portions)",,Chocolate,,,rustic-autumn-floral-cake-12-chocolate,0,,,continue,manual,115,,TRUE,FALSE,,,,,,,,,,,,,,,,,,,,,,g,,,,,
rustic-autumn-floral-cake,,,,,,,,,"12"" (24 Portions)",,Strawberry Delight,,,rustic-autumn-floral-cake-12-strawberry delight,0,,,continue,manual,135,,TRUE,FALSE,,,,,,,,,,,,,,,,,,,,,,g,,,,,
rustic-autumn-floral-cake,,,,,,,,,"12"" (24 Portions)",,Red Velvet,,,rustic-autumn-floral-cake-12-red velvet,0,,,continue,manual,150,,TRUE,FALSE,,,,,,,,,,,,,,,,,,,,,,g,,,,,
rustic-autumn-floral-cake,,,,,,,,,"12"" (24 Portions)",,Hazelnut,,,rustic-autumn-floral-cake-12-hazelnut,0,,,continue,manual,175,,TRUE,FALSE,,,,,,,,,,,,,,,,,,,,,,g,,,,,
rustic-berry-cake,Rustic Berry Cake,,Cake Dawn,,Cakes,"regular height, buttercream",TRUE,Size,"6"" (8 Portions)",Flavour,Vanilla,,,rustic-berry-cake-6-vanilla,0,,,continue,manual,55,,TRUE,FALSE,,https://raw.githubusercontent.com/stephensavoia/cake_dawn/main/sample-photos-from-pexels/rustic-berry-cake.jpg,1,Rustic Berry Cake,FALSE,,,,,,,,,,,,,,,,,g,,,,,active
rustic-berry-cake,,,,,,,,,"6"" (8 Portions)",,Chocolate,,,rustic-berry-cake-6-chocolate,0,,,continue,manual,55,,TRUE,FALSE,,,,,,,,,,,,,,,,,,,,,,g,,,,,
rustic-berry-cake,,,,,,,,,"6"" (8 Portions)",,Strawberry Delight,,,rustic-berry-cake-6-strawberry delight,0,,,continue,manual,60,,TRUE,FALSE,,,,,,,,,,,,,,,,,,,,,,g,,,,,
rustic-berry-cake,,,,,,,,,"6"" (8 Portions)",,Red Velvet,,,rustic-berry-cake-6-red velvet,0,,,continue,manual,70,,TRUE,FALSE,,,,,,,,,,,,,,,,,,,,,,g,,,,,
rustic-berry-cake,,,,,,,,,"6"" (8 Portions)",,Hazelnut,,,rustic-berry-cake-6-hazelnut,0,,,continue,manual,80,,TRUE,FALSE,,,,,,,,,,,,,,,,,,,,,,g,,,,,
rustic-berry-cake,,,,,,,,,"8"" (12 Portions)",,Vanilla,,,rustic-berry-cake-8-vanilla,0,,,continue,manual,75,,TRUE,FALSE,,,,,,,,,,,,,,,,,,,,,,g,,,,,
rustic-berry-cake,,,,,,,,,"8"" (12 Portions)",,Chocolate,,,rustic-berry-cake-8-chocolate,0,,,continue,manual,75,,TRUE,FALSE,,,,,,,,,,,,,,,,,,,,,,g,,,,,
rustic-berry-cake,,,,,,,,,"8"" (12 Portions)",,Strawberry Delight,,,rustic-berry-cake-8-strawberry delight,0,,,continue,manual,80,,TRUE,FALSE,,,,,,,,,,,,,,,,,,,,,,g,,,,,
rustic-berry-cake,,,,,,,,,"8"" (12 Portions)",,Red Velvet,,,rustic-berry-cake-8-red velvet,0,,,continue,manual,90,,TRUE,FALSE,,,,,,,,,,,,,,,,,,,,,,g,,,,,
rustic-berry-cake,,,,,,,,,"8"" (12 Portions)",,Hazelnut,,,rustic-berry-cake-8-hazelnut,0,,,continue,manual,105,,TRUE,FALSE,,,,,,,,,,,,,,,,,,,,,,g,,,,,
rustic-berry-cake,,,,,,,,,"10"" (18 Portions)",,Vanilla,,,rustic-berry-cake-10-vanilla,0,,,continue,manual,95,,TRUE,FALSE,,,,,,,,,,,,,,,,,,,,,,g,,,,,
rustic-berry-cake,,,,,,,,,"10"" (18 Portions)",,Chocolate,,,rustic-berry-cake-10-chocolate,0,,,continue,manual,95,,TRUE,FALSE,,,,,,,,,,,,,,,,,,,,,,g,,,,,
rustic-berry-cake,,,,,,,,,"10"" (18 Portions)",,Strawberry Delight,,,rustic-berry-cake-10-strawberry delight,0,,,continue,manual,105,,TRUE,FALSE,,,,,,,,,,,,,,,,,,,,,,g,,,,,
rustic-berry-cake,,,,,,,,,"10"" (18 Portions)",,Red Velvet,,,rustic-berry-cake-10-red velvet,0,,,continue,manual,120,,TRUE,FALSE,,,,,,,,,,,,,,,,,,,,,,g,,,,,
rustic-berry-cake,,,,,,,,,"10"" (18 Portions)",,Hazelnut,,,rustic-berry-cake-10-hazelnut,0,,,continue,manual,140,,TRUE,FALSE,,,,,,,,,,,,,,,,,,,,,,g,,,,,
rustic-berry-cake,,,,,,,,,"12"" (24 Portions)",,Vanilla,,,rustic-berry-cake-12-vanilla,0,,,continue,manual,115,,TRUE,FALSE,,,,,,,,,,,,,,,,,,,,,,g,,,,,
rustic-berry-cake,,,,,,,,,"12"" (24 Portions)",,Chocolate,,,rustic-berry-cake-12-chocolate,0,,,continue,manual,115,,TRUE,FALSE,,,,,,,,,,,,,,,,,,,,,,g,,,,,
rustic-berry-cake,,,,,,,,,"12"" (24 Portions)",,Strawberry Delight,,,rustic-berry-cake-12-strawberry delight,0,,,continue,manual,135,,TRUE,FALSE,,,,,,,,,,,,,,,,,,,,,,g,,,,,
rustic-berry-cake,,,,,,,,,"12"" (24 Portions)",,Red Velvet,,,rustic-berry-cake-12-red velvet,0,,,continue,manual,150,,TRUE,FALSE,,,,,,,,,,,,,,,,,,,,,,g,,,,,
rustic-berry-cake,,,,,,,,,"12"" (24 Portions)",,Hazelnut,,,rustic-berry-cake-12-hazelnut,0,,,continue,manual,175,,TRUE,FALSE,,,,,,,,,,,,,,,,,,,,,,g,,,,,
rustic-wreath-cake,Rustic Vanilla Cake,,Cake Dawn,,Cakes,"regular height, whipped cream",TRUE,Size,"6"" (8 Portions)",Flavour,Vanilla,,,rustic-wreath-cake-6-vanilla,0,,,continue,manual,55,,TRUE,FALSE,,https://raw.githubusercontent.com/stephensavoia/cake_dawn/main/sample-photos-from-pexels/rustic-wreath-cake.jpg,1,Rustic Wreath Cake,FALSE,,,,,,,,,,,,,,,,,g,,,,,active
rustic-wreath-cake,,,,,,,,,"6"" (8 Portions)",,Chocolate,,,rustic-wreath-cake-6-chocolate,0,,,continue,manual,55,,TRUE,FALSE,,,,,,,,,,,,,,,,,,,,,,g,,,,,
rustic-wreath-cake,,,,,,,,,"6"" (8 Portions)",,Strawberry Delight,,,rustic-wreath-cake-6-strawberry delight,0,,,continue,manual,60,,TRUE,FALSE,,,,,,,,,,,,,,,,,,,,,,g,,,,,
rustic-wreath-cake,,,,,,,,,"6"" (8 Portions)",,Red Velvet,,,rustic-wreath-cake-6-red velvet,0,,,continue,manual,70,,TRUE,FALSE,,,,,,,,,,,,,,,,,,,,,,g,,,,,
rustic-wreath-cake,,,,,,,,,"6"" (8 Portions)",,Hazelnut,,,rustic-wreath-cake-6-hazelnut,0,,,continue,manual,80,,TRUE,FALSE,,,,,,,,,,,,,,,,,,,,,,g,,,,,
rustic-wreath-cake,,,,,,,,,"8"" (12 Portions)",,Vanilla,,,rustic-wreath-cake-8-vanilla,0,,,continue,manual,75,,TRUE,FALSE,,,,,,,,,,,,,,,,,,,,,,g,,,,,
rustic-wreath-cake,,,,,,,,,"8"" (12 Portions)",,Chocolate,,,rustic-wreath-cake-8-chocolate,0,,,continue,manual,75,,TRUE,FALSE,,,,,,,,,,,,,,,,,,,,,,g,,,,,
rustic-wreath-cake,,,,,,,,,"8"" (12 Portions)",,Strawberry Delight,,,rustic-wreath-cake-8-strawberry delight,0,,,continue,manual,80,,TRUE,FALSE,,,,,,,,,,,,,,,,,,,,,,g,,,,,
rustic-wreath-cake,,,,,,,,,"8"" (12 Portions)",,Red Velvet,,,rustic-wreath-cake-8-red velvet,0,,,continue,manual,90,,TRUE,FALSE,,,,,,,,,,,,,,,,,,,,,,g,,,,,
rustic-wreath-cake,,,,,,,,,"8"" (12 Portions)",,Hazelnut,,,rustic-wreath-cake-8-hazelnut,0,,,continue,manual,105,,TRUE,FALSE,,,,,,,,,,,,,,,,,,,,,,g,,,,,
rustic-wreath-cake,,,,,,,,,"10"" (18 Portions)",,Vanilla,,,rustic-wreath-cake-10-vanilla,0,,,continue,manual,95,,TRUE,FALSE,,,,,,,,,,,,,,,,,,,,,,g,,,,,
rustic-wreath-cake,,,,,,,,,"10"" (18 Portions)",,Chocolate,,,rustic-wreath-cake-10-chocolate,0,,,continue,manual,95,,TRUE,FALSE,,,,,,,,,,,,,,,,,,,,,,g,,,,,
rustic-wreath-cake,,,,,,,,,"10"" (18 Portions)",,Strawberry Delight,,,rustic-wreath-cake-10-strawberry delight,0,,,continue,manual,105,,TRUE,FALSE,,,,,,,,,,,,,,,,,,,,,,g,,,,,
rustic-wreath-cake,,,,,,,,,"10"" (18 Portions)",,Red Velvet,,,rustic-wreath-cake-10-red velvet,0,,,continue,manual,120,,TRUE,FALSE,,,,,,,,,,,,,,,,,,,,,,g,,,,,
rustic-wreath-cake,,,,,,,,,"10"" (18 Portions)",,Hazelnut,,,rustic-wreath-cake-10-hazelnut,0,,,continue,manual,140,,TRUE,FALSE,,,,,,,,,,,,,,,,,,,,,,g,,,,,
rustic-wreath-cake,,,,,,,,,"12"" (24 Portions)",,Vanilla,,,rustic-wreath-cake-12-vanilla,0,,,continue,manual,115,,TRUE,FALSE,,,,,,,,,,,,,,,,,,,,,,g,,,,,
rustic-wreath-cake,,,,,,,,,"12"" (24 Portions)",,Chocolate,,,rustic-wreath-cake-12-chocolate,0,,,continue,manual,115,,TRUE,FALSE,,,,,,,,,,,,,,,,,,,,,,g,,,,,
rustic-wreath-cake,,,,,,,,,"12"" (24 Portions)",,Strawberry Delight,,,rustic-wreath-cake-12-strawberry delight,0,,,continue,manual,135,,TRUE,FALSE,,,,,,,,,,,,,,,,,,,,,,g,,,,,
rustic-wreath-cake,,,,,,,,,"12"" (24 Portions)",,Red Velvet,,,rustic-wreath-cake-12-red velvet,0,,,continue,manual,150,,TRUE,FALSE,,,,,,,,,,,,,,,,,,,,,,g,,,,,
rustic-wreath-cake,,,,,,,,,"12"" (24 Portions)",,Hazelnut,,,rustic-wreath-cake-12-hazelnut,0,,,continue,manual,175,,TRUE,FALSE,,,,,,,,,,,,,,,,,,,,,,g,,,,,
simple-floral-wedding-cake,Simple Floral Wedding Cake,,Cake Dawn,,Cakes,"double high, buttercream, floral",TRUE,Size,"6"" Double High (16 Portions)",Flavour,Vanilla,,,simple-floral-wedding-cake-6-vanilla,0,,,continue,manual,75,,TRUE,FALSE,,https://raw.githubusercontent.com/stephensavoia/cake_dawn/main/sample-photos-from-pexels/simple-floral-wedding-cake.jpg,1,Simple Floral Wedding Cake,FALSE,,,,,,,,,,,,,,,,,g,,,,,active
simple-floral-wedding-cake,,,,,,,,,"6"" Double High (16 Portions)",,Chocolate,,,simple-floral-wedding-cake-6-chocolate,0,,,continue,manual,75,,TRUE,FALSE,,,,,,,,,,,,,,,,,,,,,,g,,,,,
simple-floral-wedding-cake,,,,,,,,,"6"" Double High (16 Portions)",,Strawberry Delight,,,simple-floral-wedding-cake-6-strawberry delight,0,,,continue,manual,80,,TRUE,FALSE,,,,,,,,,,,,,,,,,,,,,,g,,,,,
simple-floral-wedding-cake,,,,,,,,,"6"" Double High (16 Portions)",,Red Velvet,,,simple-floral-wedding-cake-6-red velvet,0,,,continue,manual,90,,TRUE,FALSE,,,,,,,,,,,,,,,,,,,,,,g,,,,,
simple-floral-wedding-cake,,,,,,,,,"6"" Double High (16 Portions)",,Hazelnut,,,simple-floral-wedding-cake-6-hazelnut,0,,,continue,manual,100,,TRUE,FALSE,,,,,,,,,,,,,,,,,,,,,,g,,,,,
simple-floral-wedding-cake,,,,,,,,,"8"" Double High (24 Portions)",,Vanilla,,,simple-floral-wedding-cake-8-vanilla,0,,,continue,manual,95,,TRUE,FALSE,,,,,,,,,,,,,,,,,,,,,,g,,,,,
simple-floral-wedding-cake,,,,,,,,,"8"" Double High (24 Portions)",,Chocolate,,,simple-floral-wedding-cake-8-chocolate,0,,,continue,manual,95,,TRUE,FALSE,,,,,,,,,,,,,,,,,,,,,,g,,,,,
simple-floral-wedding-cake,,,,,,,,,"8"" Double High (24 Portions)",,Strawberry Delight,,,simple-floral-wedding-cake-8-strawberry delight,0,,,continue,manual,100,,TRUE,FALSE,,,,,,,,,,,,,,,,,,,,,,g,,,,,
simple-floral-wedding-cake,,,,,,,,,"8"" Double High (24 Portions)",,Red Velvet,,,simple-floral-wedding-cake-8-red velvet,0,,,continue,manual,110,,TRUE,FALSE,,,,,,,,,,,,,,,,,,,,,,g,,,,,
simple-floral-wedding-cake,,,,,,,,,"8"" Double High (24 Portions)",,Hazelnut,,,simple-floral-wedding-cake-8-hazelnut,0,,,continue,manual,125,,TRUE,FALSE,,,,,,,,,,,,,,,,,,,,,,g,,,,,
simple-floral-wedding-cake,,,,,,,,,"10"" Double High (36 Portions)",,Vanilla,,,simple-floral-wedding-cake-10-vanilla,0,,,continue,manual,115,,TRUE,FALSE,,,,,,,,,,,,,,,,,,,,,,g,,,,,
simple-floral-wedding-cake,,,,,,,,,"10"" Double High (36 Portions)",,Chocolate,,,simple-floral-wedding-cake-10-chocolate,0,,,continue,manual,115,,TRUE,FALSE,,,,,,,,,,,,,,,,,,,,,,g,,,,,
simple-floral-wedding-cake,,,,,,,,,"10"" Double High (36 Portions)",,Strawberry Delight,,,simple-floral-wedding-cake-10-strawberry delight,0,,,continue,manual,125,,TRUE,FALSE,,,,,,,,,,,,,,,,,,,,,,g,,,,,
simple-floral-wedding-cake,,,,,,,,,"10"" Double High (36 Portions)",,Red Velvet,,,simple-floral-wedding-cake-10-red velvet,0,,,continue,manual,140,,TRUE,FALSE,,,,,,,,,,,,,,,,,,,,,,g,,,,,
simple-floral-wedding-cake,,,,,,,,,"10"" Double High (36 Portions)",,Hazelnut,,,simple-floral-wedding-cake-10-hazelnut,0,,,continue,manual,160,,TRUE,FALSE,,,,,,,,,,,,,,,,,,,,,,g,,,,,
simple-floral-wedding-cake,,,,,,,,,"12"" Double High (48 Portions)",,Vanilla,,,simple-floral-wedding-cake-12-vanilla,0,,,continue,manual,135,,TRUE,FALSE,,,,,,,,,,,,,,,,,,,,,,g,,,,,
simple-floral-wedding-cake,,,,,,,,,"12"" Double High (48 Portions)",,Chocolate,,,simple-floral-wedding-cake-12-chocolate,0,,,continue,manual,135,,TRUE,FALSE,,,,,,,,,,,,,,,,,,,,,,g,,,,,
simple-floral-wedding-cake,,,,,,,,,"12"" Double High (48 Portions)",,Strawberry Delight,,,simple-floral-wedding-cake-12-strawberry delight,0,,,continue,manual,155,,TRUE,FALSE,,,,,,,,,,,,,,,,,,,,,,g,,,,,
simple-floral-wedding-cake,,,,,,,,,"12"" Double High (48 Portions)",,Red Velvet,,,simple-floral-wedding-cake-12-red velvet,0,,,continue,manual,170,,TRUE,FALSE,,,,,,,,,,,,,,,,,,,,,,g,,,,,
simple-floral-wedding-cake,,,,,,,,,"12"" Double High (48 Portions)",,Hazelnut,,,simple-floral-wedding-cake-12-hazelnut,0,,,continue,manual,195,,TRUE,FALSE,,,,,,,,,,,,,,,,,,,,,,g,,,,,
simple-naked-cake,Simple Naked Cake,,Cake Dawn,,Cakes,"regular height, buttercream, naked, fresh fruit",TRUE,Size,"6"" (8 Portions)",Flavour,Vanilla,,,simple-naked-cake-6-vanilla,0,,,continue,manual,55,,TRUE,FALSE,,https://raw.githubusercontent.com/stephensavoia/cake_dawn/main/sample-photos-from-pexels/simple-naked-cake.jpg,1,Simple Naked Cake,FALSE,,,,,,,,,,,,,,,,,g,,,,,active
simple-naked-cake,,,,,,,,,"6"" (8 Portions)",,Chocolate,,,simple-naked-cake-6-chocolate,0,,,continue,manual,55,,TRUE,FALSE,,,,,,,,,,,,,,,,,,,,,,g,,,,,
simple-naked-cake,,,,,,,,,"6"" (8 Portions)",,Strawberry Delight,,,simple-naked-cake-6-strawberry delight,0,,,continue,manual,60,,TRUE,FALSE,,,,,,,,,,,,,,,,,,,,,,g,,,,,
simple-naked-cake,,,,,,,,,"6"" (8 Portions)",,Red Velvet,,,simple-naked-cake-6-red velvet,0,,,continue,manual,70,,TRUE,FALSE,,,,,,,,,,,,,,,,,,,,,,g,,,,,
simple-naked-cake,,,,,,,,,"6"" (8 Portions)",,Hazelnut,,,simple-naked-cake-6-hazelnut,0,,,continue,manual,80,,TRUE,FALSE,,,,,,,,,,,,,,,,,,,,,,g,,,,,
simple-naked-cake,,,,,,,,,"8"" (12 Portions)",,Vanilla,,,simple-naked-cake-8-vanilla,0,,,continue,manual,75,,TRUE,FALSE,,,,,,,,,,,,,,,,,,,,,,g,,,,,
simple-naked-cake,,,,,,,,,"8"" (12 Portions)",,Chocolate,,,simple-naked-cake-8-chocolate,0,,,continue,manual,75,,TRUE,FALSE,,,,,,,,,,,,,,,,,,,,,,g,,,,,
simple-naked-cake,,,,,,,,,"8"" (12 Portions)",,Strawberry Delight,,,simple-naked-cake-8-strawberry delight,0,,,continue,manual,80,,TRUE,FALSE,,,,,,,,,,,,,,,,,,,,,,g,,,,,
simple-naked-cake,,,,,,,,,"8"" (12 Portions)",,Red Velvet,,,simple-naked-cake-8-red velvet,0,,,continue,manual,90,,TRUE,FALSE,,,,,,,,,,,,,,,,,,,,,,g,,,,,
simple-naked-cake,,,,,,,,,"8"" (12 Portions)",,Hazelnut,,,simple-naked-cake-8-hazelnut,0,,,continue,manual,105,,TRUE,FALSE,,,,,,,,,,,,,,,,,,,,,,g,,,,,
simple-naked-cake,,,,,,,,,"10"" (18 Portions)",,Vanilla,,,simple-naked-cake-10-vanilla,0,,,continue,manual,95,,TRUE,FALSE,,,,,,,,,,,,,,,,,,,,,,g,,,,,
simple-naked-cake,,,,,,,,,"10"" (18 Portions)",,Chocolate,,,simple-naked-cake-10-chocolate,0,,,continue,manual,95,,TRUE,FALSE,,,,,,,,,,,,,,,,,,,,,,g,,,,,
simple-naked-cake,,,,,,,,,"10"" (18 Portions)",,Strawberry Delight,,,simple-naked-cake-10-strawberry delight,0,,,continue,manual,105,,TRUE,FALSE,,,,,,,,,,,,,,,,,,,,,,g,,,,,
simple-naked-cake,,,,,,,,,"10"" (18 Portions)",,Red Velvet,,,simple-naked-cake-10-red velvet,0,,,continue,manual,120,,TRUE,FALSE,,,,,,,,,,,,,,,,,,,,,,g,,,,,
simple-naked-cake,,,,,,,,,"10"" (18 Portions)",,Hazelnut,,,simple-naked-cake-10-hazelnut,0,,,continue,manual,140,,TRUE,FALSE,,,,,,,,,,,,,,,,,,,,,,g,,,,,
simple-naked-cake,,,,,,,,,"12"" (24 Portions)",,Vanilla,,,simple-naked-cake-12-vanilla,0,,,continue,manual,115,,TRUE,FALSE,,,,,,,,,,,,,,,,,,,,,,g,,,,,
simple-naked-cake,,,,,,,,,"12"" (24 Portions)",,Chocolate,,,simple-naked-cake-12-chocolate,0,,,continue,manual,115,,TRUE,FALSE,,,,,,,,,,,,,,,,,,,,,,g,,,,,
simple-naked-cake,,,,,,,,,"12"" (24 Portions)",,Strawberry Delight,,,simple-naked-cake-12-strawberry delight,0,,,continue,manual,135,,TRUE,FALSE,,,,,,,,,,,,,,,,,,,,,,g,,,,,
simple-naked-cake,,,,,,,,,"12"" (24 Portions)",,Red Velvet,,,simple-naked-cake-12-red velvet,0,,,continue,manual,150,,TRUE,FALSE,,,,,,,,,,,,,,,,,,,,,,g,,,,,
simple-naked-cake,,,,,,,,,"12"" (24 Portions)",,Hazelnut,,,simple-naked-cake-12-hazelnut,0,,,continue,manual,175,,TRUE,FALSE,,,,,,,,,,,,,,,,,,,,,,g,,,,,
simple-rustic-cake,Simple Rustic Cake,,Cake Dawn,,Cakes,"extra high, buttercream, naked, floral",TRUE,Size,"6"" Extra High (10 Portions)",Flavour,Vanilla,,,simple-rustic-cake-6-vanilla,0,,,continue,manual,65,,TRUE,FALSE,,https://raw.githubusercontent.com/stephensavoia/cake_dawn/main/sample-photos-from-pexels/simple-rustic-cake.jpg,1,Simple Rustic Cake,FALSE,,,,,,,,,,,,,,,,,g,,,,,active
simple-rustic-cake,,,,,,,,,"8"" Extra High (20 Portions)",,Vanilla,,,simple-rustic-cake-8-vanilla,0,,,continue,manual,85,,TRUE,FALSE,,,,,,,,,,,,,,,,,,,,,,g,,,,,
simple-rustic-cake,,,,,,,,,"10"" Extra High (30 Portions)",,Vanilla,,,simple-rustic-cake-10-vanilla,0,,,continue,manual,105,,TRUE,FALSE,,,,,,,,,,,,,,,,,,,,,,g,,,,,
simple-rustic-cake,,,,,,,,,"12"" Extra High (40 Portions)",,Vanilla,,,simple-rustic-cake-12-vanilla,0,,,continue,manual,125,,TRUE,FALSE,,,,,,,,,,,,,,,,,,,,,,g,,,,,
spring-cupcakes,Spring Cupcakes,,Cake Dawn,,Cupcakes,cupcakes,TRUE,Title,Default,,,,,spring-cupcakes,0,,,continue,manual,3.5,,TRUE,FALSE,,https://raw.githubusercontent.com/stephensavoia/cake_dawn/main/sample-photos-from-pexels/spring-cupcakes.jpg,1,Spring Cupcakes,FALSE,,,,,,,,,,,,,,,,,g,,,,,active
strawberry-vanilla-cupcakes,Strawberry Vanilla Cupcakes,,Cake Dawn,,Cupcakes,cupcakes,TRUE,Title,Default,,,,,strawberry-vanilla-cupcakes,0,,,continue,manual,3.5,,TRUE,FALSE,,https://raw.githubusercontent.com/stephensavoia/cake_dawn/main/sample-photos-from-pexels/strawberry-vanilla-cupcakes.jpg,1,Strawberry Vanilla Cupcakes,FALSE,,,,,,,,,,,,,,,,,g,,,,,active
two-tier-floral-wedding-cake,Two Tier Floral Wedding Cake,,Cake Dawn,,Cakes,"two tier, buttercream, floral",TRUE,Size,"10"" + 6"" Double High (40 Portions)",Flavour,Vanilla,,,two-tier-floral-wedding-cake-10-vanilla,0,,,continue,manual,160,,TRUE,FALSE,,https://raw.githubusercontent.com/stephensavoia/cake_dawn/main/sample-photos-from-pexels/two-tier-floral-wedding-cake.jpg,1,Two Tier Floral Wedding Cake,FALSE,,,,,,,,,,,,,,,,,g,,,,,active
two-tier-floral-wedding-cake,,,,,,,,,"10"" + 6"" Double High (40 Portions)",,Chocolate,,,two-tier-floral-wedding-cake-10-chocolate,0,,,continue,manual,160,,TRUE,FALSE,,,,,,,,,,,,,,,,,,,,,,g,,,,,
two-tier-floral-wedding-cake,,,,,,,,,"10"" + 6"" Double High (40 Portions)",,Strawberry Delight,,,two-tier-floral-wedding-cake-10-strawberry delight,0,,,continue,manual,170,,TRUE,FALSE,,,,,,,,,,,,,,,,,,,,,,g,,,,,
two-tier-floral-wedding-cake,,,,,,,,,"10"" + 6"" Double High (40 Portions)",,Red Velvet,,,two-tier-floral-wedding-cake-10-red velvet,0,,,continue,manual,190,,TRUE,FALSE,,,,,,,,,,,,,,,,,,,,,,g,,,,,
two-tier-floral-wedding-cake,,,,,,,,,"10"" + 6"" Double High (40 Portions)",,Hazelnut,,,two-tier-floral-wedding-cake-10-hazelnut,0,,,continue,manual,215,,TRUE,FALSE,,,,,,,,,,,,,,,,,,,,,,g,,,,,
two-tier-floral-wedding-cake,,,,,,,,,"12"" + 8"" Double High (60 Portions)",,Vanilla,,,two-tier-floral-wedding-cake-12-vanilla,0,,,continue,manual,180,,TRUE,FALSE,,,,,,,,,,,,,,,,,,,,,,g,,,,,
two-tier-floral-wedding-cake,,,,,,,,,"12"" + 8"" Double High (60 Portions)",,Chocolate,,,two-tier-floral-wedding-cake-12-chocolate,0,,,continue,manual,180,,TRUE,FALSE,,,,,,,,,,,,,,,,,,,,,,g,,,,,
two-tier-floral-wedding-cake,,,,,,,,,"12"" + 8"" Double High (60 Portions)",,Strawberry Delight,,,two-tier-floral-wedding-cake-12-strawberry delight,0,,,continue,manual,195,,TRUE,FALSE,,,,,,,,,,,,,,,,,,,,,,g,,,,,
two-tier-floral-wedding-cake,,,,,,,,,"12"" + 8"" Double High (60 Portions)",,Red Velvet,,,two-tier-floral-wedding-cake-12-red velvet,0,,,continue,manual,220,,TRUE,FALSE,,,,,,,,,,,,,,,,,,,,,,g,,,,,
two-tier-floral-wedding-cake,,,,,,,,,"12"" + 8"" Double High (60 Portions)",,Hazelnut,,,two-tier-floral-wedding-cake-12-hazelnut,0,,,continue,manual,255,,TRUE,FALSE,,,,,,,,,,,,,,,,,,,,,,g,,,,,
two-tier-rose-wedding-cake,Two Tier Rose Wedding Cake,,Cake Dawn,,Cakes,"two tier, buttercream, floral",TRUE,Size,"10"" + 6"" Extra High (20 Portions)",Flavour,Vanilla,,,two-tier-rose-wedding-cake-10-vanilla,0,,,continue,manual,170,,TRUE,FALSE,,https://raw.githubusercontent.com/stephensavoia/cake_dawn/main/sample-photos-from-pexels/two-tier-rose-wedding-cake.jpg,1,Two Tier Rose Wedding Cake,FALSE,,,,,,,,,,,,,,,,,g,,,,,active
two-tier-rose-wedding-cake,,,,,,,,,"10"" + 6"" Extra High (20 Portions)",,Chocolate,,,two-tier-rose-wedding-cake-10-chocolate,0,,,continue,manual,170,,TRUE,FALSE,,,,,,,,,,,,,,,,,,,,,,g,,,,,
two-tier-rose-wedding-cake,,,,,,,,,"10"" + 6"" Extra High (20 Portions)",,Strawberry Delight,,,two-tier-rose-wedding-cake-10-strawberry delight,0,,,continue,manual,180,,TRUE,FALSE,,,,,,,,,,,,,,,,,,,,,,g,,,,,
two-tier-rose-wedding-cake,,,,,,,,,"10"" + 6"" Extra High (20 Portions)",,Red Velvet,,,two-tier-rose-wedding-cake-10-red velvet,0,,,continue,manual,200,,TRUE,FALSE,,,,,,,,,,,,,,,,,,,,,,g,,,,,
two-tier-rose-wedding-cake,,,,,,,,,"10"" + 6"" Extra High (20 Portions)",,Hazelnut,,,two-tier-rose-wedding-cake-10-hazelnut,0,,,continue,manual,225,,TRUE,FALSE,,,,,,,,,,,,,,,,,,,,,,g,,,,,
two-tier-rose-wedding-cake,,,,,,,,,"12"" + 8"" Extra High (30 Portions)",,Vanilla,,,two-tier-rose-wedding-cake-12-vanilla,0,,,continue,manual,190,,TRUE,FALSE,,,,,,,,,,,,,,,,,,,,,,g,,,,,
two-tier-rose-wedding-cake,,,,,,,,,"12"" + 8"" Extra High (30 Portions)",,Chocolate,,,two-tier-rose-wedding-cake-12-chocolate,0,,,continue,manual,190,,TRUE,FALSE,,,,,,,,,,,,,,,,,,,,,,g,,,,,
two-tier-rose-wedding-cake,,,,,,,,,"12"" + 8"" Extra High (30 Portions)",,Strawberry Delight,,,two-tier-rose-wedding-cake-12-strawberry delight,0,,,continue,manual,205,,TRUE,FALSE,,,,,,,,,,,,,,,,,,,,,,g,,,,,
two-tier-rose-wedding-cake,,,,,,,,,"12"" + 8"" Extra High (30 Portions)",,Red Velvet,,,two-tier-rose-wedding-cake-12-red velvet,0,,,continue,manual,230,,TRUE,FALSE,,,,,,,,,,,,,,,,,,,,,,g,,,,,
two-tier-rose-wedding-cake,,,,,,,,,"12"" + 8"" Extra High (30 Portions)",,Hazelnut,,,two-tier-rose-wedding-cake-12-hazelnut,0,,,continue,manual,265,,TRUE,FALSE,,,,,,,,,,,,,,,,,,,,,,g,,,,,
two-tier-rustic-wedding-cake,Two Tier Rustic Wedding Cake,,Cake Dawn,,Cakes,"two tier, buttercream, floral",TRUE,Size,"10"" + 6"" Extra High (20 Portions)",Flavour,Vanilla,,,two-tier-rustic-wedding-cake-10-vanilla,0,,,continue,manual,170,,TRUE,FALSE,,https://raw.githubusercontent.com/stephensavoia/cake_dawn/main/sample-photos-from-pexels/two-tier-rustic-wedding-cake.jpg,1,Two Tier Rustic Wedding Cake,FALSE,,,,,,,,,,,,,,,,,g,,,,,active
two-tier-rustic-wedding-cake,,,,,,,,,"10"" + 6"" Extra High (20 Portions)",,Chocolate,,,two-tier-rustic-wedding-cake-10-chocolate,0,,,continue,manual,170,,TRUE,FALSE,,,,,,,,,,,,,,,,,,,,,,g,,,,,
two-tier-rustic-wedding-cake,,,,,,,,,"10"" + 6"" Extra High (20 Portions)",,Strawberry Delight,,,two-tier-rustic-wedding-cake-10-strawberry delight,0,,,continue,manual,180,,TRUE,FALSE,,,,,,,,,,,,,,,,,,,,,,g,,,,,
two-tier-rustic-wedding-cake,,,,,,,,,"10"" + 6"" Extra High (20 Portions)",,Red Velvet,,,two-tier-rustic-wedding-cake-10-red velvet,0,,,continue,manual,200,,TRUE,FALSE,,,,,,,,,,,,,,,,,,,,,,g,,,,,
two-tier-rustic-wedding-cake,,,,,,,,,"10"" + 6"" Extra High (20 Portions)",,Hazelnut,,,two-tier-rustic-wedding-cake-10-hazelnut,0,,,continue,manual,225,,TRUE,FALSE,,,,,,,,,,,,,,,,,,,,,,g,,,,,
two-tier-rustic-wedding-cake,,,,,,,,,"12"" + 8"" Extra High (30 Portions)",,Vanilla,,,two-tier-rustic-wedding-cake-12-vanilla,0,,,continue,manual,190,,TRUE,FALSE,,,,,,,,,,,,,,,,,,,,,,g,,,,,
two-tier-rustic-wedding-cake,,,,,,,,,"12"" + 8"" Extra High (30 Portions)",,Chocolate,,,two-tier-rustic-wedding-cake-12-chocolate,0,,,continue,manual,190,,TRUE,FALSE,,,,,,,,,,,,,,,,,,,,,,g,,,,,
two-tier-rustic-wedding-cake,,,,,,,,,"12"" + 8"" Extra High (30 Portions)",,Strawberry Delight,,,two-tier-rustic-wedding-cake-12-strawberry delight,0,,,continue,manual,205,,TRUE,FALSE,,,,,,,,,,,,,,,,,,,,,,g,,,,,
two-tier-rustic-wedding-cake,,,,,,,,,"12"" + 8"" Extra High (30 Portions)",,Red Velvet,,,two-tier-rustic-wedding-cake-12-red velvet,0,,,continue,manual,230,,TRUE,FALSE,,,,,,,,,,,,,,,,,,,,,,g,,,,,
two-tier-rustic-wedding-cake,,,,,,,,,"12"" + 8"" Extra High (30 Portions)",,Hazelnut,,,two-tier-rustic-wedding-cake-12-hazelnut,0,,,continue,manual,265,,TRUE,FALSE,,,,,,,,,,,,,,,,,,,,,,g,,,,,
vanilla-cupcakes,Vanilla Cupcakes,,Cake Dawn,,Cupcakes,cupcakes,TRUE,Title,Default,,,,,vanilla-cupcakes,0,,,continue,manual,3.5,,TRUE,FALSE,,https://raw.githubusercontent.com/stephensavoia/cake_dawn/main/sample-photos-from-pexels/vanilla-cupcakes.jpg,1,Vanilla Cupcakes,FALSE,,,,,,,,,,,,,,,,,g,,,,,active
vanilla-heart-cake,Vanilla Heart Cake,,Cake Dawn,,Cakes,"two tier, fondant, floral",TRUE,Size,"8"" + 6"" Extra High (20 Portions)",Flavour,Vanilla,,,vanilla-heart-cake-8-vanilla,0,,,continue,manual,150,,TRUE,FALSE,,https://raw.githubusercontent.com/stephensavoia/cake_dawn/main/sample-photos-from-pexels/vanilla-heart-cake.jpg,1,Vanilla Heart Cake,FALSE,,,,,,,,,,,,,,,,,g,,,,,active
vanilla-heart-cake,,,,,,,,,"8"" + 6"" Extra High (20 Portions)",,Chocolate,,,vanilla-heart-cake-8-chocolate,0,,,continue,manual,150,,TRUE,FALSE,,,,,,,,,,,,,,,,,,,,,,g,,,,,
vanilla-heart-cake,,,,,,,,,"8"" + 6"" Extra High (20 Portions)",,Strawberry Delight,,,vanilla-heart-cake-8-strawberry delight,0,,,continue,manual,160,,TRUE,FALSE,,,,,,,,,,,,,,,,,,,,,,g,,,,,
vanilla-heart-cake,,,,,,,,,"8"" + 6"" Extra High (20 Portions)",,Red Velvet,,,vanilla-heart-cake-8-red velvet,0,,,continue,manual,180,,TRUE,FALSE,,,,,,,,,,,,,,,,,,,,,,g,,,,,
vanilla-heart-cake,,,,,,,,,"8"" + 6"" Extra High (20 Portions)",,Hazelnut,,,vanilla-heart-cake-8-hazelnut,0,,,continue,manual,205,,TRUE,FALSE,,,,,,,,,,,,,,,,,,,,,,g,,,,,
vanilla-heart-cake,,,,,,,,,"10"" + 8"" Extra High (30 Portions)",,Vanilla,,,vanilla-heart-cake-10-vanilla,0,,,continue,manual,170,,TRUE,FALSE,,,,,,,,,,,,,,,,,,,,,,g,,,,,
vanilla-heart-cake,,,,,,,,,"10"" + 8"" Extra High (30 Portions)",,Chocolate,,,vanilla-heart-cake-10-chocolate,0,,,continue,manual,170,,TRUE,FALSE,,,,,,,,,,,,,,,,,,,,,,g,,,,,
vanilla-heart-cake,,,,,,,,,"10"" + 8"" Extra High (30 Portions)",,Strawberry Delight,,,vanilla-heart-cake-10-strawberry delight,0,,,continue,manual,185,,TRUE,FALSE,,,,,,,,,,,,,,,,,,,,,,g,,,,,
vanilla-heart-cake,,,,,,,,,"10"" + 8"" Extra High (30 Portions)",,Red Velvet,,,vanilla-heart-cake-10-red velvet,0,,,continue,manual,210,,TRUE,FALSE,,,,,,,,,,,,,,,,,,,,,,g,,,,,
vanilla-heart-cake,,,,,,,,,"10"" + 8"" Extra High (30 Portions)",,Hazelnut,,,vanilla-heart-cake-10-hazelnut,0,,,continue,manual,245,,TRUE,FALSE,,,,,,,,,,,,,,,,,,,,,,g,,,,,